epoch,time,train/box_loss,train/cls_loss,train/dfl_loss,metrics/precision(B),metrics/recall(B),metrics/mAP50(B),metrics/mAP50-95(B),val/box_loss,val/cls_loss,val/dfl_loss,lr/pg0,lr/pg1,lr/pg2
1,45.2389,2.40442,4.16359,1.13759,0.00239,0.1589,0.00116,0.00043,2.41981,4.46017,1.12384,0.000634921,0.000634921,0.000634921
2,78.0073,2.33514,3.03514,1.13355,0.00128,0.08493,0.00022,6e-05,2.47402,4.63966,1.20259,0.00127582,0.00127582,0.00127582
3,111.205,2.43226,2.89652,1.13808,0.00305,0.20274,0.0009,0.00035,2.53296,3.98699,1.28639,0.00189031,0.00189031,0.00189031
4,145.283,2.48154,2.88619,1.13093,0.55858,0.01644,0.02792,0.01721,2.63935,3.76302,1.31387,0.0018812,0.0018812,0.0018812
5,178.84,2.40446,2.4915,1.12319,0.04432,0.05479,0.0114,0.00501,2.57459,3.69002,1.28093,0.0018416,0.0018416,0.0018416
6,212.83,2.33336,2.3559,1.13141,0.08476,0.09589,0.03134,0.01769,2.59012,3.27697,1.26117,0.001802,0.001802,0.001802
7,248.784,2.33468,2.31962,1.11669,0.20979,0.10685,0.06385,0.0294,2.60523,2.75247,1.28625,0.0017624,0.0017624,0.0017624
8,291.727,2.34142,2.27469,1.1289,0.24531,0.14247,0.10539,0.04579,2.51573,2.63878,1.23023,0.0017228,0.0017228,0.0017228
9,325.534,2.28631,2.12439,1.07038,0.20321,0.12996,0.09309,0.0436,2.58803,2.70878,1.19581,0.0016832,0.0016832,0.0016832
10,358.483,2.13252,2.00108,1.07197,0.21771,0.1863,0.12576,0.05795,2.45803,2.55758,1.1885,0.0016436,0.0016436,0.0016436
11,391.996,2.26411,2.03734,1.07775,0.3442,0.12055,0.11354,0.04957,2.49288,2.60444,1.26088,0.001604,0.001604,0.001604
12,425.465,2.25291,1.98055,1.05429,0.31528,0.14795,0.10323,0.04294,2.4975,2.44664,1.20519,0.0015644,0.0015644,0.0015644
13,458.273,2.30833,1.94941,1.06788,0.40195,0.10411,0.10422,0.05016,2.46358,2.59178,1.18107,0.0015248,0.0015248,0.0015248
14,490.363,2.2567,1.92657,1.08008,0.28077,0.15616,0.12353,0.05595,2.44577,2.17443,1.18729,0.0014852,0.0014852,0.0014852
15,522.649,2.17214,1.81351,1.06498,0.32526,0.13425,0.13118,0.05851,2.42214,2.12455,1.16399,0.0014456,0.0014456,0.0014456
16,556.137,2.20175,1.80685,1.05535,0.27257,0.16438,0.13728,0.0611,2.52897,2.1443,1.21843,0.001406,0.001406,0.001406
17,590.366,2.16639,1.70023,1.03418,0.27109,0.17808,0.13905,0.05916,2.46812,2.15021,1.15611,0.0013664,0.0013664,0.0013664
18,623.393,2.26736,1.82104,1.08485,0.33834,0.17372,0.14643,0.06712,2.45326,2.0189,1.17163,0.0013268,0.0013268,0.0013268
19,657.889,2.16734,1.76995,1.02565,0.32315,0.1863,0.14122,0.06475,2.46189,2.30227,1.1414,0.0012872,0.0012872,0.0012872
20,691.987,2.15061,1.75153,1.04041,0.39249,0.16438,0.13755,0.06163,2.48967,2.05949,1.15361,0.0012476,0.0012476,0.0012476
21,727.95,2.1145,1.69842,1.03654,0.46809,0.15672,0.14316,0.05499,2.49842,2.16839,1.13827,0.001208,0.001208,0.001208
22,761.682,2.0942,1.72872,1.03354,0.3195,0.16438,0.14396,0.06182,2.43026,2.12336,1.11797,0.0011684,0.0011684,0.0011684
23,796.46,2.03102,1.61599,1.01281,0.35528,0.14494,0.13119,0.06145,2.46032,2.0736,1.15278,0.0011288,0.0011288,0.0011288
24,829.942,2.12252,1.62431,0.99711,0.35241,0.15616,0.14533,0.06783,2.48387,2.25929,1.15195,0.0010892,0.0010892,0.0010892
25,862.899,1.96771,1.55282,1.00873,0.38639,0.16164,0.15098,0.06612,2.52952,2.03367,1.18611,0.0010496,0.0010496,0.0010496
26,897.465,2.11929,1.57563,1.00772,0.43072,0.18864,0.16193,0.06627,2.4591,2.09352,1.14093,0.00101,0.00101,0.00101
27,931.509,1.99358,1.51133,1.00837,0.38932,0.19452,0.16221,0.07242,2.35359,1.96596,1.12551,0.0009704,0.0009704,0.0009704
28,967.489,1.95642,1.49925,0.97697,0.36474,0.1726,0.16075,0.07415,2.42553,1.97325,1.15722,0.0009308,0.0009308,0.0009308
29,1002.81,2.04297,1.52878,0.98237,0.33266,0.20623,0.16678,0.07285,2.38681,1.92886,1.14907,0.0008912,0.0008912,0.0008912
30,1038.93,1.94689,1.47384,0.98774,0.3675,0.16714,0.15592,0.06671,2.41318,1.95411,1.14813,0.0008516,0.0008516,0.0008516
31,1075.08,1.97323,1.48946,0.98824,0.36061,0.16164,0.15076,0.06551,2.34416,1.99683,1.13675,0.000812,0.000812,0.000812
32,1111.98,1.99339,1.48986,0.98265,0.37409,0.15342,0.14139,0.06511,2.45266,2.0942,1.13844,0.0007724,0.0007724,0.0007724
33,1150.22,2.02794,1.49485,1.01594,0.4466,0.19452,0.156,0.07198,2.35284,1.92834,1.11739,0.0007328,0.0007328,0.0007328
34,1187.32,1.89877,1.41844,0.96556,0.36799,0.18356,0.15528,0.06942,2.39538,1.99585,1.13323,0.0006932,0.0006932,0.0006932
35,1223.61,1.9052,1.41295,0.99201,0.3518,0.18356,0.15073,0.0653,2.42063,1.9531,1.11226,0.0006536,0.0006536,0.0006536
36,1258.9,1.93756,1.37807,0.97674,0.32177,0.19452,0.15863,0.06876,2.3115,1.90636,1.09549,0.000614,0.000614,0.000614
37,1294.14,1.96392,1.4392,0.9683,0.35248,0.1863,0.15761,0.06936,2.34726,2.0146,1.10417,0.0005744,0.0005744,0.0005744
38,1328.38,1.90922,1.39802,0.96648,0.37727,0.18356,0.1477,0.07109,2.3318,1.94102,1.08793,0.0005348,0.0005348,0.0005348
39,1361.29,1.88606,1.36548,0.95604,0.35345,0.19452,0.15519,0.07136,2.36888,1.98975,1.10669,0.0004952,0.0004952,0.0004952
40,1398.28,1.92056,1.3673,0.95642,0.32057,0.16438,0.14284,0.06706,2.36004,1.97807,1.08598,0.0004556,0.0004556,0.0004556
41,1433.82,1.83118,1.41642,0.98137,0.39399,0.16986,0.15523,0.07155,2.37448,1.95242,1.09937,0.000416,0.000416,0.000416
42,1467.53,1.88135,1.36759,0.9647,0.3802,0.1726,0.14578,0.06322,2.43766,1.99574,1.1414,0.0003764,0.0003764,0.0003764
43,1499.88,1.83823,1.34794,0.94958,0.3234,0.18082,0.15502,0.06817,2.39145,1.89997,1.13633,0.0003368,0.0003368,0.0003368
44,1533.85,1.83216,1.33992,0.93846,0.36606,0.16712,0.14437,0.06149,2.41186,1.96211,1.11975,0.0002972,0.0002972,0.0002972
45,1568.39,1.8133,1.31505,0.95257,0.3859,0.17808,0.15894,0.06811,2.38028,1.9331,1.09789,0.0002576,0.0002576,0.0002576
46,1603.31,1.75636,1.26019,0.92007,0.3621,0.17808,0.15762,0.06954,2.35241,1.98007,1.09039,0.000218,0.000218,0.000218
47,1640.08,1.78702,1.28775,0.94579,0.35295,0.18082,0.15286,0.06655,2.38329,2.0659,1.10865,0.0001784,0.0001784,0.0001784
48,1673.78,1.75154,1.26126,0.95133,0.33478,0.18904,0.15618,0.07003,2.35442,1.97237,1.10477,0.0001388,0.0001388,0.0001388
49,1707.48,1.71537,1.21743,0.9408,0.34704,0.18356,0.15605,0.07027,2.34525,1.92926,1.09768,9.92e-05,9.92e-05,9.92e-05
50,1741.9,1.73735,1.22947,0.93716,0.34746,0.19178,0.15771,0.07094,2.36757,1.94824,1.1,5.96e-05,5.96e-05,5.96e-05
